{
  "total": 12,
  "good_1": {
    "image": "images/r1.jpg",
    "discount": 47,
    "price": 6090,
    "desc": "[오쎈특가 쿠폰최종가 소형 5,070원]  [2024년 달력 얼리버드] 어린왕자, 앤, 곰돌이푸, 애드워드호퍼, 모네, 고흐, 윤동주 등",
    "url": "a.html"
  },
  "good_2": {
    "image": "images/r2.jpg",
    "discount": 38,
    "price": 12900,
    "desc": "유혜광 통등심돈까스 10장 (총 5팩)",
    "url": "a.html"
  },
  "good_3": {
    "image": "images/r3.jpg",
    "discount": 42,
    "price": 12900,
    "desc": "[10/31 단하루/한정수량] 매일 어메이징 오트 언스위트 190ml 24팩 + 오리지널 6팩 증정",
    "url": "a.html"
  },
  "good_4": {
    "image": "images/r4.jpg",
    "discount": 9,
    "price": 283330,
    "desc": "이와타니 캠핑용 부탄 가스 팬히터 CB-GFH-5",
    "url": "a.html"
  },
  "good_5": {
    "image": "images/r5.jpg",
    "discount": 22,
    "price": 3900,
    "desc": "★10월 마지막!★ 베어파우 키즈 방한 패딩 양털 부츠 베이비 남아 여아 아기 어린이 유아",
    "url": "a.html"
  },
  "good_6": {
    "image": "images/r6.jpg",
    "discount": 29,
    "price": 34900,
    "desc": "[스포츠파크]  뉴발란스 남성 UNI 에센셜 스몰로고 맨투맨 4종택1",
    "url": "a.html"
  },
  "good_7": {
    "image": "images/r7.jpg",
    "discount": 2,
    "price": 22220,
    "desc": "[더쎈위크]  롯데빼빼로 3종 x 20갑 (오리지널/아몬드/초코필드) 골라담기",
    "url": "a.html"
  },
  "good_8": {
    "image": "images/r8.jpg",
    "discount": 35,
    "price": 26900,
    "desc": "[한정수량특가]  한양식품 국내산 꽃보다오징어 오리지날 260g+260g",
    "url": "a.html"
  },
  "good_9": {
    "image": "images/r9.jpg",
    "discount": 14,
    "price": 18260,
    "desc": "샤오미 미지아 가습기2/미지아 스마트 살균가습기2/MJJSQ06DY/관부가세포함",
    "url": "a.html"
  },
  "good_10": {
    "image": "images/r10.jpg",
    "discount": 18,
    "price": 2930,
    "desc": "[쇼핑앱특가2400원] 아이팝 무라벨 먹는샘물 생수 2L*6펫 / 하이트진로",
    "url": "a.html"
  },
  "good_11": {
    "image": "images/r11.jpg",
    "discount": 25,
    "price": 10410,
    "desc": "제주 삼다수 2L 12병 (유/무라벨 랜덤발송) ",
    "url": "a.html"
  },
  "good_12": {
    "url": "a.html"
  }
}
