{
  "total": 8,
  "good_1": {
    "image": "images/tickets/tc1.gif",
    "ranking": 1,
    "title": "태양의서커스 〈루치아〉",
    "desc": "잠실종합운동장 내 빅탑",
    "date": "2023.10.25 - 2023.12.31",
    "event": "좌석우위",
    "url": "a.html"
  },
  "good_2": {
    "image": "images/tickets/tc2.gif",
    "ranking": 2,
    "title": "뮤지컬 〈몬테크리스토〉",
    "desc": "충무아트센터 대극장",
    "date": "2023.11.21 - 2024.02.25",
    "event": " ",
    "url": "a.html"
  },
  "good_3": {
    "image": "images/tickets/tc3.gif",
    "ranking": 3,
    "title": "뮤지컬 〈렌트〉",
    "desc": "coex 신한카드 artium",
    "date": "2023.11.11 - 2024.02.25",
    "event": "단독판매",
    "url": "a.html"
  },
  "good_4": {
    "image": "images/tickets/tc4.gif",
    "ranking": 4,
    "title": "뮤지컬 〈레미제라블〉",
    "desc": "블루스퀘어 신한카드홀",
    "date": "2023.11.30 - 2024.03.10",
    "event": "단독판매",
    "url": "a.html"
  },
  "good_5": {
    "image": "images/tickets/pc5.gif",
    "ranking": 5,
    "title": "뮤지컬 〈레미제라블〉 - 부산",
    "desc": "부산 드림씨어터",
    "date": "2023.10.11 - 2023.11.19",
    "event": "좌석우위",
    "url": "a.html"
  },
  "good_6": {
    "image": "images/tickets/pc6.gif",
    "ranking": 6,
    "title": "뮤지컬 〈레베카〉 10주년 기념공연",
    "desc": "블루스퀘어 신한카드홀",
    "date": "2023.08.19 - 2023.11.19",
    "event": "좌석우위",
    "url": "a.html"
  },
  "good_7": {
    "image": "images/tickets/tc7.gif",
    "ranking": 7,
    "title": "뮤지컬 ＇벤허＇",
    "desc": "LG아트센터 서울 LG SIGNATURE 홀",
    "date": "2023.09.02 - 2023.11.19",
    "event": " ",
    "url": "a.html"
  },
  "good_8": {
    "url": "a.html"
  }
}
